Year,InternetUsage,Literacy
2000,1.982253196,92.60006
2001,2.52400566,93.258015
2002,4.332275746,92.9290375
2003,4.857672267,92.59069
2004,5.243628452,92.75986375
2005,5.397636329,92.67527688
2006,5.740586325,92.71757031
2007,5.97,92.69642359
2008,6.22,95.4201
2009,9,94.0582618
2010,25,94.7391809
2011,29,94.39872135
2012,36.2351,94.56895112
2013,48.09902359,96.398
2014,49.6,95.48347556
2015,53.7,95.94073778
