Year,InternetUsage,Literacy
2000,21.38473116,88.68776
2001,26.6959725,89.93768
2002,32.33820434,89.31272
2003,34.97115234,89.6252
2004,42.25226563,89.46896
2005,48.62917025,89.54708
2006,51.63798899,89.50802
2007,55.7,91.1876
2008,55.8,91.9677
2009,55.9,92.441
2010,56.3,93.11789
2011,61,93.4578
2012,65.8,93.1785
2013,57.05751226,93.9875
2014,63.66542588,94.2862
2015,71.06406781,94.63699
