Year,InternetUsage,Percapita
2000,30,27180
2001,38.53206086,27900
2002,46.59420112,28560
2003,48.43526589,29320
2004,62.39392963,30950
2005,66.9210661,32350
2006,68.68527032,33920
2007,74.3,35570
2008,75.4,35710
2009,78,33910
2010,78.21,35900
2011,79.05411352,36790
2012,79.4964,38190
2013,88.21942891,40280
2014,89.10683302,40810
2015,93.32941106,42230
