Year ,InternetUsage,PercapitaIncome
2000,0.9,4300
2001,2.018613859,4630
2002,2.134135733,4880
2003,2.38701978,5100
2004,2.600285876,5390
2005,3.602024763,5780
2006,4.764813134,6240
2007,5.786274729,6730
2008,7.917479385,7220
2009,6.92,7510
2010,10.92,8040
2011,12.28,8590
2012,14.52,9160
2013,14.94,9680
2014,17.14,10180
2015,21.97606771,10680
