Year,InternetUsage,Literacy
2000,0.254248276,90.15613
2001,1.265651236,90.217215
2002,1.854999236,90.1866725
2003,3.780280814,90.20194375
2004,7.642408528,90.19430813
2005,12.73992929,90.19812594
2006,17.25456172,90.19621703
2007,20.75544477,90.19717148
2008,23.92,90.19669426
2009,26.55,93.52045
2010,30.65,91.85857213
2011,35.07,92.68951106
2012,36.8,92.2740416
2013,38.5,92.48177633
2014,41,92.37790896
2015,43.5,92.42984265
