Year,InternetUsage,Percapita
2000,0.686954,2740
2001,1.318550779,2790
2002,2.577426737,2920
2003,5.041158126,3130
2004,6.164320985,3350
2005,6.332329098,3650
2006,6.5,3900
2007,6.8,4110
2008,7,4190
2009,7.5,4280
2010,8,4360
2011,9,4500
2012,9.96,4680
2013,10.9,4860
2014,12,5090
2015,14,5300
