Year ,InternetUsage,Literacy
2000,0.9,88.7296
2001,2.018613859,90.2541
2002,2.134135733,89.49185
2003,2.38701978,89.872975
2004,2.600285876,89.6824125
2005,3.602024763,89.77769375
2006,4.764813134,89.73005313
2007,5.786274729,91.7786
2008,7.917479385,92.1923
2009,6.92,92.5817
2010,10.92,92.6214
2011,12.28,92.81191
2012,14.52,93.4296
2013,14.94,94.5584
2014,17.14,95.11622
2015,21.97606771,95.43768
