Year,InternetUsage,PercapitaIncome
2000,3.689041279,7140
2001,5.556326121,7420
2002,7.531250335,7870
2003,9.299027238,8490
2004,10.67730332,9190
2005,15.02600436,9800
2006,17.16071472,10630
2007,20.03,11480
2008,18.2,11860
2009,20.1,11770
2010,22.4,12660
2011,23.66992562,13210
2012,26.46,14040
2013,28.94,14320
2014,34.89,14830
2015,39.31612674,15380
