Year,InternetUsage,Percapita
2000,0.254248276,2070
2001,1.265651236,2220
2002,1.854999236,2370
2003,3.780280814,2550
2004,7.642408528,2780
2005,12.73992929,3050
2006,17.25456172,3310
2007,20.75544477,3580
2008,23.92,3810
2009,26.55,3950
2010,30.65,4230
2011,35.07,4510
2012,36.8,4800
2013,38.5,5070
2014,41,5390
2015,43.5,5720
