Year,InternetUsage,Percapita
2000,21.38473116,11880
2001,26.6959725,12060
2002,32.33820434,12740
2003,34.97115234,13640
2004,42.25226563,14710
2005,48.62917025,15810
2006,51.63798899,17160
2007,55.7,19080
2008,55.8,19560
2009,55.9,19060
2010,56.3,20020
2011,61,21300
2012,65.8,22160
2013,57.05751226,23240
2014,63.66542588,24630
2015,71.06406781,25860
