Year,InternetUsage,Percapita
2000,1.8,2900
2001,2.639650215,3180
2002,4.595704331,3520
2003,6.2,3940
2004,7.3,4440
2005,8.523257003,5060
2006,10.52315262,5870
2007,16,6880
2008,22.6,7680
2009,28.9,8360
2010,34.3,9290
2011,38.3,10290
2012,42.30011749,11320
2013,45.8,12270
2014,47.9,13460
2015,50.3,14390
