InternetUsage,Literacy
1.8,90.92021
2.639650215,92.110105
4.595704331,91.5151575
6.2,91.81263125
7.3,91.66389438
8.523257003,91.73826281
10.52315262,91.70107859
16,93.3
22.6,92.251
28.9,93.876
34.3,95.12448
38.3,94.8926
42.30011749,95.24
45.8,95.561
47.9,95.9342
50.3,96.35745
