Year,InternetUsage,Percapita
2000,1.982253196,3920
2001,2.52400566,4080
2002,4.332275746,4220
2003,4.857672267,4570
2004,5.243628452,4940
2005,5.397636329,5360
2006,5.740586325,5700
2007,5.97,6110
2008,6.22,6460
2009,9,6790
2010,25,7310
2011,29,6840
2012,36.2351,7350
2013,48.09902359,7930
2014,49.6,8410
2015,53.7,8850
