Year,InternetUsage,Percapita
2000,44.7,17950
2001,56.6,19050
2002,59.4,20690
2003,65.5,21290
2004,72.7,22900
2005,73.5,24010
2006,78.1,25730
2007,78.8,27740
2008,81,28650
2009,81.6,28250
2010,83.7,30410
2011,83.75912015,31410
2012,84.07,32430
2013,84.77,32850
2014,87.55682649,33740
2015,89.64863086,34520
